{
  "annotations": {
    "changelogDate": "20240610105906"
  },
  "applications": "*",
  "dto": "mapstruct",
  "fields": [
    {
      "fieldName": "configVersion",
      "fieldType": "String"
    },
    {
      "fieldName": "firmwareVersion",
      "fieldType": "String"
    },
    {
      "fieldName": "fileName",
      "fieldType": "String"
    },
    {
      "fieldName": "deviceId",
      "fieldType": "String"
    },
    {
      "fieldName": "binaryFile",
      "fieldType": "byte[]",
      "fieldTypeBlobContent": "any"
    },
    {
      "fieldName": "dateTime",
      "fieldType": "Instant"
    },
    {
      "fieldName": "customerId",
      "fieldType": "String"
    },
    {
      "fieldName": "groupID",
      "fieldType": "String"
    }
  ],
  "jpaMetamodelFiltering": true,
  "name": "DeviceConfigUpdate",
  "pagination": "pagination",
  "relationships": [],
  "searchEngine": "no",
  "service": "serviceImpl"
}
