<?xml version="1.0" encoding="utf-8"?>
<databaseChangeLog
    xmlns="http://www.liquibase.org/xml/ns/dbchangelog"
    xmlns:ext="http://www.liquibase.org/xml/ns/dbchangelog-ext"
    xmlns:xsi="http://www.w3.org/2001/XMLSchema-instance"
    xsi:schemaLocation="http://www.liquibase.org/xml/ns/dbchangelog http://www.liquibase.org/xml/ns/dbchangelog/dbchangelog-latest.xsd
                        http://www.liquibase.org/xml/ns/dbchangelog-ext http://www.liquibase.org/xml/ns/dbchangelog/dbchangelog-ext.xsd">

    <!--
        Added the entity DeviceConfigUpdate.
    -->
    <changeSet id="20240610105906-1" author="jhipster">
        <createTable tableName="device_config_update">
            <column name="id" type="bigint" autoIncrement="true" startWith="1500">
                <constraints primaryKey="true" nullable="false"/>
            </column>
            <column name="config_version" type="varchar(255)">
                <constraints nullable="true" />
            </column>
            <column name="firmware_version" type="varchar(255)">
                <constraints nullable="true" />
            </column>
            <column name="file_name" type="varchar(255)">
                <constraints nullable="true" />
            </column>
            <column name="device_id" type="varchar(255)">
                <constraints nullable="true" />
            </column>
            <column name="binary_file" type="${blobType}">
                <constraints nullable="true" />
            </column>
            <column name="binary_file_content_type" type="varchar(255)">
                <constraints nullable="true" />
            </column>
            <column name="date_time" type="${datetimeType}">
                <constraints nullable="true" />
            </column>
            <!-- jhipster-needle-liquibase-add-column - JHipster will add columns here -->
        </createTable>
        <dropDefaultValue tableName="device_config_update" columnName="date_time" columnDataType="${datetimeType}"/>
    </changeSet>

    <!-- jhipster-needle-liquibase-add-changeset - JHipster will add changesets here -->

    <!--
        Load sample data generated with Faker.js
        - This data can be easily edited using a CSV editor (or even MS Excel) and
          is located in the 'src/main/resources/config/liquibase/fake-data' directory
        - By default this data is applied when running with the JHipster 'dev' profile.
          This can be customized by adding or removing 'faker' in the 'spring.liquibase.contexts'
          Spring Boot configuration key.
    -->
    <changeSet id="20240610105906-1-data" author="jhipster" context="faker">
        <loadData
                  file="config/liquibase/fake-data/device_config_update.csv"
                  separator=";"
                  tableName="device_config_update"
                  usePreparedStatements="true">
            <column name="id" type="numeric"/>
            <column name="config_version" type="string"/>
            <column name="firmware_version" type="string"/>
            <column name="file_name" type="string"/>
            <column name="device_id" type="string"/>
            <column name="binary_file" type="blob"/>
            <column name="binary_file_content_type" type="string"/>
            <column name="date_time" type="date"/>
            <!-- jhipster-needle-liquibase-add-loadcolumn - JHipster (and/or extensions) can add load columns here -->
        </loadData>
    </changeSet>
</databaseChangeLog>
