<?xml version="1.0" encoding="utf-8"?>
<databaseChangeLog changeLogId="addColinInDeviceConfigUpdate"
    xmlns="http://www.liquibase.org/xml/ns/dbchangelog"
    xmlns:ext="http://www.liquibase.org/xml/ns/dbchangelog-ext"
    xmlns:xsi="http://www.w3.org/2001/XMLSchema-instance"
    xsi:schemaLocation="http://www.liquibase.org/xml/ns/dbchangelog http://www.liquibase.org/xml/ns/dbchangelog/dbchangelog-latest.xsd
                        http://www.liquibase.org/xml/ns/dbchangelog-ext http://www.liquibase.org/xml/ns/dbchangelog/dbchangelog-ext.xsd">

    <changeSet id="addColinInDeviceConfigUpdate-1" author="Dipesh">
        <addColumn tableName="device_config_update">
            <column name="customer_id" type="varchar(255)">
                <constraints nullable="true" />
            </column>
            <column name="group_id" type="varchar(255)">
                <constraints nullable="true" />
            </column>
        </addColumn>
    </changeSet>

</databaseChangeLog>
